{
  "epochs": 2,
  "metrics": "accuracy",
  "loss": [
    12.428056716918945,
    1.577194094657898
  ],
  "val_loss": [
    1.0361926555633545,
    0.9201704263687134
  ],
  "measure": [
    0.43658703565597534,
    0.5305119156837463
  ],
  "val_measure": [
    0.48441770672798157,
    0.5784581899642944
  ],
  "datetime": "03/28 16:18"
}