{
  "epochs": 4,
  "metrics": "accuracy",
  "loss": [
    1.1010105609893799,
    0.8686369061470032
  ],
  "val_loss": [
    1.331557273864746,
    1.4572350978851318
  ],
  "measure": [
    0.5567235350608826,
    0.6208873987197876
  ],
  "val_measure": [
    0.46875,
    0.5625
  ],
  "datetime": "03/28 16:45"
}