{
  "epochs": 2,
  "metrics": "accuracy",
  "loss": [
    0.7445374727249146,
    0.7290537357330322
  ],
  "val_loss": [
    0.7761101722717285,
    0.7090409994125366
  ],
  "measure": [
    0.6700341105461121,
    0.6718088984489441
  ],
  "val_measure": [
    0.6468015313148499,
    0.6828868389129639
  ],
  "datetime": "03/28 16:04"
}