{
  "epochs": 2,
  "metrics": "accuracy",
  "loss": [
    1.0119494199752808,
    1.0060863494873047
  ],
  "val_loss": [
    1.0020500421524048,
    1.0060985088348389
  ],
  "measure": [
    0.5305119156837463,
    0.5311945676803589
  ],
  "val_measure": [
    0.5314379334449768,
    0.5314379334449768
  ],
  "datetime": "03/28 16:24"
}